,allInPings,assistMePings,assists,baronKills,basicPings,bountyLevel,champExperience,champLevel,championName,championTransform,commandPings,consumablesPurchased,damageDealtToBuildings,damageDealtToObjectives,damageDealtToTurrets,damageSelfMitigated,dangerPings,deaths,detectorWardsPlaced,doubleKills,dragonKills,enemyMissingPings,enemyVisionPings,firstBloodAssist,firstBloodKill,firstTowerAssist,firstTowerKill,gameEndedInEarlySurrender,gameEndedInSurrender,getBackPings,goldEarned,goldSpent,holdPings,individualPosition,inhibitorKills,inhibitorTakedowns,inhibitorsLost,killingSprees,kills,lane,largestCriticalStrike,largestKillingSpree,largestMultiKill,longestTimeSpentLiving,magicDamageDealt,magicDamageDealtToChampions,magicDamageTaken,needVisionPings,neutralMinionsKilled,nexusKills,nexusLost,nexusTakedowns,objectivesStolen,objectivesStolenAssists,onMyWayPings,pentaKills,perks,physicalDamageDealt,physicalDamageDealtToChampions,physicalDamageTaken,placement,pushPings,quadraKills,role,sightWardsBoughtInGame,summonerLevel,summonerName,teamEarlySurrendered,teamPosition,timeCCingOthers,timePlayed,totalAllyJungleMinionsKilled,totalDamageDealt,totalDamageDealtToChampions,totalDamageShieldedOnTeammates,totalDamageTaken,totalEnemyJungleMinionsKilled,totalHeal,totalHealsOnTeammates,totalMinionsKilled,totalTimeCCDealt,totalTimeSpentDead,totalUnitsHealed,tripleKills,trueDamageDealt,trueDamageDealtToChampions,trueDamageTaken,turretKills,turretTakedowns,turretsLost,unrealKills,visionClearedPings,visionScore,visionWardsBoughtInGame,wardsKilled,wardsPlaced,win
0,0,0,8,0,0,13,12754,14,Swain,0,0,2,6201,10341,6201,9707,0,0,0,3,0,0,0,True,False,True,False,False,False,0,12015,10600,0,UTILITY,0,1,0,1,13,BOTTOM,0,13,2,0,59876,17054,6793,0,0,0,0,1,0,0,1,0,"{'statPerks': {'defense': 5001, 'flex': 5008, 'offense': 5008}, 'styles': [{'description': 'primaryStyle', 'selections': [{'perk': 8112, 'var1': 1495, 'var2': 0, 'var3': 0}, {'perk': 8126, 'var1': 560, 'var2': 0, 'var3': 0}, {'perk': 8138, 'var1': 30, 'var2': 0, 'var3': 0}, {'perk': 8106, 'var1': 5, 'var2': 0, 'var3': 0}], 'style': 8100}, {'description': 'subStyle', 'selections': [{'perk': 8347, 'var1': 0, 'var2': 0, 'var3': 0}, {'perk': 8313, 'var1': 3, 'var2': 0, 'var3': 0}], 'style': 8300}]}",7503,1386,10245,0,0,0,SUPPORT,0,532,PapaCaesars,False,UTILITY,42,1435,0,72058,19879,0,17702,0,8156,0,53,151,0,1,0,4678,1437,662,3,7,0,0,0,29,0,2,12,True
1,0,0,7,0,0,0,10143,13,Maokai,0,0,2,3745,9231,3745,40345,0,5,0,0,0,0,1,False,False,False,False,False,False,0,8165,7200,0,UTILITY,0,0,1,0,1,BOTTOM,44,0,1,1094,34261,9672,8603,0,2,0,1,0,0,0,0,0,"{'statPerks': {'defense': 5001, 'flex': 5001, 'offense': 5008}, 'styles': [{'description': 'primaryStyle', 'selections': [{'perk': 8439, 'var1': 346, 'var2': 1440, 'var3': 0}, {'perk': 8446, 'var1': 1833, 'var2': 0, 'var3': 0}, {'perk': 8429, 'var1': 61, 'var2': 14, 'var3': 11}, {'perk': 8451, 'var1': 217, 'var2': 0, 'var3': 0}], 'style': 8400}, {'description': 'subStyle', 'selections': [{'perk': 8304, 'var1': 11, 'var2': 1, 'var3': 5}, {'perk': 8345, 'var1': 3, 'var2': 0, 'var3': 0}], 'style': 8300}]}",9436,925,17829,0,0,0,SUPPORT,0,532,PapaCaesars,False,UTILITY,58,1870,2,54302,11861,0,28055,0,6829,0,37,211,122,1,0,10603,1264,1622,0,3,10,0,0,43,0,5,16,False
2,0,0,7,0,0,1,6096,9,Morgana,0,0,4,676,1854,676,3662,0,0,0,0,0,2,0,False,False,False,False,False,True,0,5179,4650,0,UTILITY,0,0,0,0,1,NONE,0,0,1,0,19284,4331,3136,0,0,0,0,0,0,0,0,0,"{'statPerks': {'defense': 5001, 'flex': 5008, 'offense': 5008}, 'styles': [{'description': 'primaryStyle', 'selections': [{'perk': 8229, 'var1': 590, 'var2': 0, 'var3': 0}, {'perk': 8226, 'var1': 250, 'var2': 320, 'var3': 0}, {'perk': 8210, 'var1': 0, 'var2': 0, 'var3': 0}, {'perk': 8237, 'var1': 470, 'var2': 0, 'var3': 0}], 'style': 8200}, {'description': 'subStyle', 'selections': [{'perk': 8304, 'var1': 10, 'var2': 3, 'var3': 0}, {'perk': 8345, 'var1': 3, 'var2': 0, 'var3': 0}], 'style': 8300}]}",5537,386,4204,0,0,0,SUPPORT,0,532,PapaCaesars,False,UTILITY,36,1027,0,26754,4718,277,7527,0,1394,0,40,56,0,1,0,1932,0,186,0,0,2,0,0,14,0,0,8,True
3,0,1,22,0,0,0,15362,16,Maokai,0,0,2,1712,2911,1712,48303,0,7,0,0,0,1,0,False,False,False,False,False,False,0,11024,10000,0,UTILITY,0,1,0,0,2,BOTTOM,38,0,1,618,35495,14344,11075,0,0,0,0,0,0,0,1,0,"{'statPerks': {'defense': 5001, 'flex': 5008, 'offense': 5008}, 'styles': [{'description': 'primaryStyle', 'selections': [{'perk': 8439, 'var1': 1520, 'var2': 1139, 'var3': 0}, {'perk': 8446, 'var1': 834, 'var2': 0, 'var3': 0}, {'perk': 8429, 'var1': 65, 'var2': 17, 'var3': 10}, {'perk': 8242, 'var1': 190, 'var2': 0, 'var3': 0}], 'style': 8400}, {'description': 'subStyle', 'selections': [{'perk': 8304, 'var1': 9, 'var2': 0, 'var3': 0}, {'perk': 8345, 'var1': 3, 'var2': 0, 'var3': 0}], 'style': 8300}]}",9521,2313,18665,0,0,0,SUPPORT,0,532,PapaCaesars,False,UTILITY,64,2080,0,49356,16727,0,32337,0,7249,0,40,1149,188,1,0,4339,70,2597,1,2,3,0,0,33,0,0,15,True
4,0,0,10,0,0,0,13103,15,Neeko,0,0,2,2158,6336,2158,12394,0,9,0,0,0,2,0,False,False,False,False,False,False,0,9309,8950,0,UTILITY,0,0,2,1,2,BOTTOM,0,2,1,428,60869,26560,9201,0,0,0,1,0,0,0,0,0,"{'statPerks': {'defense': 5001, 'flex': 5008, 'offense': 5008}, 'styles': [{'description': 'primaryStyle', 'selections': [{'perk': 8229, 'var1': 2285, 'var2': 0, 'var3': 0}, {'perk': 8226, 'var1': 250, 'var2': 521, 'var3': 0}, {'perk': 8210, 'var1': 12, 'var2': 0, 'var3': 0}, {'perk': 8236, 'var1': 48, 'var2': 0, 'var3': 0}], 'style': 8200}, {'description': 'subStyle', 'selections': [{'perk': 8126, 'var1': 868, 'var2': 0, 'var3': 0}, {'perk': 8106, 'var1': 4, 'var2': 0, 'var3': 0}], 'style': 8100}]}",10526,1137,12992,0,0,0,SOLO,0,532,PapaCaesars,False,UTILITY,76,2139,0,77140,28900,0,23125,0,907,0,52,172,259,1,0,5744,1202,931,1,1,10,0,0,30,0,2,12,False
5,0,0,0,0,0,0,469,2,Neeko,0,0,2,0,0,0,20,0,0,0,0,0,0,0,False,False,False,False,True,False,0,724,500,0,UTILITY,0,0,0,0,0,NONE,0,0,0,0,713,290,0,0,0,0,0,0,0,0,0,0,"{'statPerks': {'defense': 5001, 'flex': 5008, 'offense': 5008}, 'styles': [{'description': 'primaryStyle', 'selections': [{'perk': 8229, 'var1': 23, 'var2': 0, 'var3': 0}, {'perk': 8226, 'var1': 75, 'var2': 0, 'var3': 0}, {'perk': 8210, 'var1': 0, 'var2': 0, 'var3': 0}, {'perk': 8236, 'var1': 0, 'var2': 0, 'var3': 0}], 'style': 8200}, {'description': 'subStyle', 'selections': [{'perk': 8126, 'var1': 0, 'var2': 0, 'var3': 0}, {'perk': 8106, 'var1': 0, 'var2': 0, 'var3': 0}], 'style': 8100}]}",699,0,93,0,0,0,SUPPORT,0,532,PapaCaesars,False,UTILITY,0,180,0,1412,290,0,93,0,0,0,0,0,0,0,0,0,0,0,0,0,0,0,0,0,0,0,0,True
6,0,0,23,0,0,1,12438,14,Maokai,0,0,2,5403,6219,5403,34135,0,3,0,0,0,8,0,False,False,False,False,False,True,0,9614,8450,0,UTILITY,0,0,0,1,3,BOTTOM,31,2,1,777,28345,10602,8816,0,0,0,0,0,0,0,1,0,"{'statPerks': {'defense': 5001, 'flex': 5008, 'offense': 5008}, 'styles': [{'description': 'primaryStyle', 'selections': [{'perk': 8439, 'var1': 911, 'var2': 1833, 'var3': 0}, {'perk': 8446, 'var1': 2664, 'var2': 0, 'var3': 0}, {'perk': 8429, 'var1': 58, 'var2': 17, 'var3': 10}, {'perk': 8451, 'var1': 177, 'var2': 0, 'var3': 0}], 'style': 8400}, {'description': 'subStyle', 'selections': [{'perk': 8345, 'var1': 3, 'var2': 0, 'var3': 0}, {'perk': 8304, 'var1': 9, 'var2': 4, 'var3': 5}], 'style': 8300}]}",9335,1544,15627,0,0,0,SUPPORT,0,532,PapaCaesars,False,UTILITY,66,1738,0,42367,13343,0,24881,0,8756,0,29,258,96,1,0,4686,1196,436,2,3,2,0,0,40,0,5,20,True
7,0,0,5,0,0,1,7913,11,Renata,0,0,4,181,1062,181,7613,0,3,2,0,1,4,0,False,False,False,False,False,True,0,6445,6050,0,UTILITY,0,0,0,0,2,BOTTOM,47,0,1,747,8080,2483,542,0,4,0,0,0,0,0,1,0,"{'statPerks': {'defense': 5001, 'flex': 5008, 'offense': 5008}, 'styles': [{'description': 'primaryStyle', 'selections': [{'perk': 8439, 'var1': 271, 'var2': 199, 'var3': 0}, {'perk': 8463, 'var1': 583, 'var2': 0, 'var3': 0}, {'perk': 8429, 'var1': 48, 'var2': 10, 'var3': 10}, {'perk': 8242, 'var1': 50, 'var2': 0, 'var3': 0}], 'style': 8400}, {'description': 'subStyle', 'selections': [{'perk': 8345, 'var1': 3, 'var2': 0, 'var3': 0}, {'perk': 8304, 'var1': 11, 'var2': 1, 'var3': 5}], 'style': 8300}]}",6106,644,10199,0,0,0,SUPPORT,0,532,PapaCaesars,False,UTILITY,16,1393,0,17994,3403,830,11915,0,1096,717,36,175,63,5,0,3808,276,1174,0,0,6,0,0,25,2,3,12,False
8,0,0,20,0,0,1,11541,14,Nami,0,1,3,2652,4502,2652,3543,0,1,1,0,0,2,1,False,False,False,False,False,False,0,9129,5775,0,UTILITY,0,3,0,0,2,BOTTOM,0,0,1,1059,15771,8412,3168,0,0,0,0,1,0,0,0,0,"{'statPerks': {'defense': 5001, 'flex': 5008, 'offense': 5008}, 'styles': [{'description': 'primaryStyle', 'selections': [{'perk': 8214, 'var1': 836, 'var2': 1319, 'var3': 0}, {'perk': 8226, 'var1': 250, 'var2': 467, 'var3': 0}, {'perk': 8210, 'var1': 9, 'var2': 0, 'var3': 0}, {'perk': 8236, 'var1': 24, 'var2': 0, 'var3': 0}], 'style': 8200}, {'description': 'subStyle', 'selections': [{'perk': 8345, 'var1': 3, 'var2': 0, 'var3': 0}, {'perk': 8304, 'var1': 9, 'var2': 0, 'var3': 0}], 'style': 8300}]}",8798,1211,6416,0,0,0,SUPPORT,0,532,PapaCaesars,False,UTILITY,34,1704,0,27074,9623,1631,9696,0,10353,7737,28,157,26,5,0,2504,0,110,1,8,3,0,0,41,1,6,15,True
9,0,0,12,0,0,2,9143,12,Morgana,0,0,4,2339,4111,2339,5356,0,1,0,0,0,2,0,False,False,True,False,False,True,0,8297,5900,0,UTILITY,0,0,0,2,5,BOTTOM,0,3,1,1093,28931,15607,6387,0,0,0,0,0,0,0,1,0,"{'statPerks': {'defense': 5001, 'flex': 5008, 'offense': 5008}, 'styles': [{'description': 'primaryStyle', 'selections': [{'perk': 8214, 'var1': 1037, 'var2': 238, 'var3': 0}, {'perk': 8226, 'var1': 250, 'var2': 607, 'var3': 0}, {'perk': 8210, 'var1': 13, 'var2': 0, 'var3': 0}, {'perk': 8236, 'var1': 24, 'var2': 0, 'var3': 0}], 'style': 8200}, {'description': 'subStyle', 'selections': [{'perk': 8345, 'var1': 3, 'var2': 0, 'var3': 0}, {'perk': 8304, 'var1': 10, 'var2': 3, 'var3': 0}], 'style': 8300}]}",6732,1377,4356,0,0,0,SUPPORT,0,531,PapaCaesars,False,UTILITY,56,1458,0,39965,17144,992,11441,0,2678,0,32,127,26,1,0,4301,159,698,1,2,1,0,0,20,0,0,10,True
10,0,2,28,0,0,0,22346,18,Karma,0,0,3,1775,8790,1775,36498,0,7,1,1,0,1,0,False,False,False,True,False,False,0,15452,12475,0,UTILITY,1,1,0,1,6,BOTTOM,0,4,2,659,62001,23309,18935,0,0,0,0,0,0,0,0,0,"{'statPerks': {'defense': 5001, 'flex': 5008, 'offense': 5008}, 'styles': [{'description': 'primaryStyle', 'selections': [{'perk': 8229, 'var1': 1534, 'var2': 0, 'var3': 0}, {'perk': 8226, 'var1': 250, 'var2': 969, 'var3': 0}, {'perk': 8210, 'var1': 21, 'var2': 0, 'var3': 0}, {'perk': 8236, 'var1': 80, 'var2': 0, 'var3': 0}], 'style': 8200}, {'description': 'subStyle', 'selections': [{'perk': 8345, 'var1': 3, 'var2': 0, 'var3': 0}, {'perk': 8304, 'var1': 8, 'var2': 1, 'var3': 5}], 'style': 8300}]}",10477,1590,19990,0,0,0,SUPPORT,0,531,PapaCaesars,False,UTILITY,33,2627,0,74228,25039,8547,40111,0,9534,0,57,195,193,1,0,1749,140,1185,1,2,4,0,0,68,1,4,27,True
11,0,0,2,0,0,0,4787,8,Senna,0,0,2,201,1065,201,4409,0,4,0,0,1,0,0,False,False,False,False,False,True,0,4869,4750,0,UTILITY,0,0,0,0,2,NONE,325,0,1,482,0,0,2456,0,4,0,0,0,1,0,1,0,"{'statPerks': {'defense': 5001, 'flex': 5008, 'offense': 5005}, 'styles': [{'description': 'primaryStyle', 'selections': [{'perk': 8021, 'var1': 592, 'var2': 504, 'var3': 0}, {'perk': 9111, 'var1': 183, 'var2': 80, 'var3': 0}, {'perk': 9103, 'var1': 0, 'var2': 0, 'var3': 0}, {'perk': 8017, 'var1': 615, 'var2': 0, 'var3': 0}], 'style': 8000}, {'description': 'subStyle', 'selections': [{'perk': 8226, 'var1': 250, 'var2': 168, 'var3': 0}, {'perk': 8236, 'var1': 4, 'var2': 0, 'var3': 0}], 'style': 8200}]}",17021,8579,5472,0,0,0,SUPPORT,0,531,PapaCaesars,False,UTILITY,11,1068,0,17929,8579,561,8116,0,2714,409,15,94,60,4,0,907,0,187,0,0,1,0,0,14,0,1,6,False
12,0,0,19,0,0,2,15598,16,Neeko,0,2,3,3770,5132,3770,15681,0,6,1,0,0,0,0,False,False,False,False,False,True,0,11255,10275,0,UTILITY,0,0,1,2,5,BOTTOM,0,2,1,664,58973,29734,7577,0,0,0,0,0,0,0,0,0,"{'statPerks': {'defense': 5001, 'flex': 5008, 'offense': 5008}, 'styles': [{'description': 'primaryStyle', 'selections': [{'perk': 8439, 'var1': 594, 'var2': 1275, 'var3': 0}, {'perk': 8401, 'var1': 0, 'var2': 0, 'var3': 0}, {'perk': 8429, 'var1': 63, 'var2': 11, 'var3': 11}, {'perk': 8451, 'var1': 189, 'var2': 0, 'var3': 0}], 'style': 8400}, {'description': 'subStyle', 'selections': [{'perk': 8304, 'var1': 11, 'var2': 1, 'var3': 5}, {'perk': 8345, 'var1': 3, 'var2': 0, 'var3': 0}], 'style': 8300}]}",8112,1459,12153,0,0,0,SUPPORT,0,531,PapaCaesars,False,UTILITY,72,1996,0,69939,31643,0,20367,0,601,0,54,135,215,1,0,2854,448,635,1,2,5,0,0,45,1,4,17,True
13,0,0,3,0,0,0,4104,8,Nautilus,0,0,2,362,362,362,8602,0,3,0,0,0,0,0,True,False,False,False,False,True,0,3979,3400,0,UTILITY,0,0,0,0,0,NONE,0,0,0,691,5907,2630,2409,0,0,0,0,0,0,0,2,0,"{'statPerks': {'defense': 5001, 'flex': 5008, 'offense': 5008}, 'styles': [{'description': 'primaryStyle', 'selections': [{'perk': 8439, 'var1': 472, 'var2': 428, 'var3': 0}, {'perk': 8401, 'var1': 112, 'var2': 0, 'var3': 0}, {'perk': 8429, 'var1': 22, 'var2': 11, 'var3': 11}, {'perk': 8451, 'var1': 106, 'var2': 0, 'var3': 0}], 'style': 8400}, {'description': 'subStyle', 'selections': [{'perk': 8304, 'var1': 9, 'var2': 4, 'var3': 5}, {'perk': 8345, 'var1': 3, 'var2': 0, 'var3': 0}], 'style': 8300}]}",6812,1475,3926,0,0,0,SUPPORT,0,531,PapaCaesars,False,UTILITY,27,934,0,18342,4433,230,6935,0,0,0,31,140,28,0,0,5622,328,599,0,0,2,0,0,12,0,1,6,False
14,0,0,15,0,0,0,9512,12,Swain,0,0,2,370,2384,370,12136,0,6,0,0,0,1,0,False,False,False,False,False,True,0,8011,6850,0,UTILITY,0,0,0,0,2,BOTTOM,0,0,1,447,39109,14857,11520,0,2,0,0,0,1,0,0,0,"{'statPerks': {'defense': 5001, 'flex': 5008, 'offense': 5008}, 'styles': [{'description': 'primaryStyle', 'selections': [{'perk': 8112, 'var1': 899, 'var2': 0, 'var3': 0}, {'perk': 8126, 'var1': 600, 'var2': 0, 'var3': 0}, {'perk': 8138, 'var1': 30, 'var2': 0, 'var3': 0}, {'perk': 8106, 'var1': 5, 'var2': 0, 'var3': 0}], 'style': 8100}, {'description': 'subStyle', 'selections': [{'perk': 8226, 'var1': 250, 'var2': 417, 'var3': 0}, {'perk': 8236, 'var1': 24, 'var2': 0, 'var3': 0}], 'style': 8200}]}",7198,1072,10640,0,0,0,SUPPORT,0,531,PapaCaesars,False,UTILITY,40,1636,0,48869,17509,0,22769,0,7016,0,42,190,154,1,0,2560,1580,608,0,0,5,0,0,45,0,5,15,False
15,0,1,18,0,0,0,13518,15,Renata,0,0,2,3037,5434,3037,30378,0,6,0,0,0,4,1,True,False,False,True,False,False,0,9260,8300,0,UTILITY,0,0,3,0,1,BOTTOM,115,0,1,651,16264,6391,11186,0,0,0,1,0,0,0,0,0,"{'statPerks': {'defense': 5001, 'flex': 5008, 'offense': 5008}, 'styles': [{'description': 'primaryStyle', 'selections': [{'perk': 8437, 'var1': 513, 'var2': 306, 'var3': 0}, {'perk': 8446, 'var1': 2078, 'var2': 0, 'var3': 0}, {'perk': 8429, 'var1': 66, 'var2': 13, 'var3': 11}, {'perk': 8451, 'var1': 215, 'var2': 0, 'var3': 0}], 'style': 8400}, {'description': 'subStyle', 'selections': [{'perk': 8304, 'var1': 10, 'var2': 3, 'var3': 0}, {'perk': 8345, 'var1': 3, 'var2': 0, 'var3': 0}], 'style': 8300}]}",10777,1078,17665,0,0,0,SUPPORT,0,530,PapaCaesars,False,UTILITY,48,2153,0,31772,8842,1112,31288,0,5151,1154,30,365,198,4,0,4730,1372,2436,1,1,11,0,0,64,0,2,30,False
16,0,0,7,0,0,0,13821,15,Pyke,0,0,2,613,786,613,18636,0,10,0,0,0,3,0,False,False,False,False,False,False,0,10293,9700,0,UTILITY,0,0,2,0,4,BOTTOM,0,0,1,660,0,0,5244,0,0,0,1,0,0,0,0,0,"{'statPerks': {'defense': 5001, 'flex': 5008, 'offense': 5008}, 'styles': [{'description': 'primaryStyle', 'selections': [{'perk': 8112, 'var1': 456, 'var2': 0, 'var3': 0}, {'perk': 8143, 'var1': 370, 'var2': 0, 'var3': 0}, {'perk': 8138, 'var1': 18, 'var2': 0, 'var3': 0}, {'perk': 8106, 'var1': 4, 'var2': 0, 'var3': 0}], 'style': 8100}, {'description': 'subStyle', 'selections': [{'perk': 9111, 'var1': 717, 'var2': 220, 'var3': 0}, {'perk': 8014, 'var1': 130, 'var2': 0, 'var3': 0}], 'style': 8000}]}",26563,7071,19399,0,0,0,SUPPORT,0,530,PapaCaesars,False,UTILITY,23,2364,0,33949,9142,0,25953,0,5294,0,56,73,297,1,0,7386,2070,1310,0,1,10,0,0,60,0,11,24,False
17,0,0,17,0,0,1,9836,12,Morgana,0,0,2,2699,3841,2699,6536,0,3,0,0,0,1,0,False,False,False,True,False,True,0,8007,7350,0,UTILITY,0,0,0,1,4,BOTTOM,0,3,1,897,23745,13619,5238,0,0,0,0,0,0,0,0,0,"{'statPerks': {'defense': 5001, 'flex': 5008, 'offense': 5008}, 'styles': [{'description': 'primaryStyle', 'selections': [{'perk': 8229, 'var1': 1313, 'var2': 0, 'var3': 0}, {'perk': 8226, 'var1': 250, 'var2': 588, 'var3': 0}, {'perk': 8210, 'var1': 24, 'var2': 0, 'var3': 0}, {'perk': 8237, 'var1': 650, 'var2': 0, 'var3': 0}], 'style': 8200}, {'description': 'subStyle', 'selections': [{'perk': 8304, 'var1': 9, 'var2': 4, 'var3': 5}, {'perk': 8345, 'var1': 3, 'var2': 0, 'var3': 0}], 'style': 8300}]}",3894,1024,8754,0,0,0,SUPPORT,0,530,PapaCaesars,False,UTILITY,65,1418,0,29067,14720,495,14440,0,2864,0,21,95,91,1,0,1427,76,447,1,2,0,0,0,30,0,2,12,True
18,0,2,26,0,0,0,16808,17,Lulu,0,0,2,1590,9764,1590,21988,0,2,0,0,0,5,0,False,False,True,False,False,False,1,11983,9800,0,UTILITY,0,0,0,0,1,BOTTOM,0,0,1,1228,41745,16432,5036,0,0,0,0,1,0,0,1,0,"{'statPerks': {'defense': 5001, 'flex': 5008, 'offense': 5008}, 'styles': [{'description': 'primaryStyle', 'selections': [{'perk': 8214, 'var1': 1784, 'var2': 1039, 'var3': 0}, {'perk': 8226, 'var1': 250, 'var2': 238, 'var3': 0}, {'perk': 8210, 'var1': 18, 'var2': 0, 'var3': 0}, {'perk': 8237, 'var1': 751, 'var2': 0, 'var3': 0}], 'style': 8200}, {'description': 'subStyle', 'selections': [{'perk': 8304, 'var1': 10, 'var2': 3, 'var3': 0}, {'perk': 8345, 'var1': 3, 'var2': 0, 'var3': 0}], 'style': 8300}]}",10243,2564,16262,0,0,0,SUPPORT,0,530,PapaCaesars,False,UTILITY,60,2295,0,54717,19523,8696,22572,0,10755,701,41,442,62,4,0,2728,526,1274,1,3,4,0,0,59,0,3,25,True
19,0,0,12,0,0,8,9353,12,Karma,0,0,2,1748,2637,1748,4912,0,0,0,1,0,0,0,True,False,False,False,False,True,0,8677,7000,0,UTILITY,0,0,0,1,8,BOTTOM,0,8,2,0,34546,17918,3586,0,0,0,0,0,0,0,0,0,"{'statPerks': {'defense': 5001, 'flex': 5008, 'offense': 5008}, 'styles': [{'description': 'primaryStyle', 'selections': [{'perk': 8229, 'var1': 1860, 'var2': 0, 'var3': 0}, {'perk': 8226, 'var1': 250, 'var2': 379, 'var3': 0}, {'perk': 8210, 'var1': 6, 'var2': 0, 'var3': 0}, {'perk': 8237, 'var1': 642, 'var2': 0, 'var3': 0}], 'style': 8200}, {'description': 'subStyle', 'selections': [{'perk': 8345, 'var1': 3, 'var2': 0, 'var3': 0}, {'perk': 8347, 'var1': 0, 'var2': 0, 'var3': 0}], 'style': 8300}]}",4526,1070,2977,0,0,0,SUPPORT,0,529,PapaCaesars,False,UTILITY,30,1372,0,41203,19015,2464,6685,0,1342,0,25,239,0,1,0,2130,26,121,1,2,2,0,0,31,0,3,13,True
20,0,0,1,0,0,0,5214,9,Renata,0,0,2,0,291,0,6638,0,3,0,0,0,0,0,False,False,False,False,False,True,0,4507,4100,0,UTILITY,0,0,0,0,1,NONE,17,0,1,495,6729,2549,5567,0,0,0,0,0,0,0,0,0,"{'statPerks': {'defense': 5001, 'flex': 5008, 'offense': 5008}, 'styles': [{'description': 'primaryStyle', 'selections': [{'perk': 8437, 'var1': 127, 'var2': 74, 'var3': 0}, {'perk': 8401, 'var1': 31, 'var2': 0, 'var3': 0}, {'perk': 8429, 'var1': 37, 'var2': 12, 'var3': 11}, {'perk': 8242, 'var1': 41, 'var2': 0, 'var3': 0}], 'style': 8400}, {'description': 'subStyle', 'selections': [{'perk': 8304, 'var1': 12, 'var2': 0, 'var3': 0}, {'perk': 8345, 'var1': 3, 'var2': 0, 'var3': 0}], 'style': 8300}]}",4067,552,2826,0,0,0,SUPPORT,0,529,PapaCaesars,False,UTILITY,16,1153,0,13433,3512,347,8819,0,691,0,13,124,44,1,0,2635,409,425,0,0,1,0,0,9,0,0,5,False
21,0,2,22,0,0,0,11342,13,Karma,0,0,3,2723,4183,2723,9437,0,4,1,1,0,4,0,False,False,False,False,False,False,0,9371,8575,0,UTILITY,0,1,0,1,3,BOTTOM,0,2,2,731,29283,15539,7770,0,0,0,0,1,0,0,0,0,"{'statPerks': {'defense': 5001, 'flex': 5008, 'offense': 5008}, 'styles': [{'description': 'primaryStyle', 'selections': [{'perk': 8229, 'var1': 1796, 'var2': 0, 'var3': 0}, {'perk': 8226, 'var1': 250, 'var2': 278, 'var3': 0}, {'perk': 8210, 'var1': 4, 'var2': 0, 'var3': 0}, {'perk': 8237, 'var1': 651, 'var2': 0, 'var3': 0}], 'style': 8200}, {'description': 'subStyle', 'selections': [{'perk': 8345, 'var1': 3, 'var2': 0, 'var3': 0}, {'perk': 8347, 'var1': 0, 'var2': 0, 'var3': 0}], 'style': 8300}]}",5305,1381,4441,0,0,0,SUPPORT,0,529,PapaCaesars,False,UTILITY,29,1634,0,36274,16947,2847,12516,0,1065,0,25,188,123,1,0,1685,26,304,1,5,1,0,0,33,1,2,14,True
22,0,0,6,0,0,0,11602,14,Pyke,0,0,2,1217,1217,1217,13631,0,7,0,0,0,3,0,False,True,False,False,False,False,0,9621,9037,0,UTILITY,0,0,2,2,6,BOTTOM,0,2,1,712,27,27,15224,0,0,0,1,0,0,0,1,0,"{'statPerks': {'defense': 5001, 'flex': 5008, 'offense': 5008}, 'styles': [{'description': 'primaryStyle', 'selections': [{'perk': 8439, 'var1': 27, 'var2': 117, 'var3': 0}, {'perk': 8446, 'var1': 505, 'var2': 0, 'var3': 0}, {'perk': 8473, 'var1': 436, 'var2': 0, 'var3': 0}, {'perk': 8451, 'var1': 151, 'var2': 0, 'var3': 0}], 'style': 8400}, {'description': 'subStyle', 'selections': [{'perk': 8143, 'var1': 325, 'var2': 0, 'var3': 0}, {'perk': 8106, 'var1': 4, 'var2': 0, 'var3': 0}], 'style': 8100}]}",25803,6894,5766,0,0,0,SUPPORT,0,529,PapaCaesars,False,UTILITY,20,1964,0,33463,8616,0,21143,0,3775,0,53,94,199,1,0,7632,1694,152,0,0,11,0,0,62,0,18,17,False
23,0,0,14,1,0,0,14301,15,Pyke,0,0,2,6187,17404,6187,13172,0,4,0,3,0,2,0,False,False,False,False,False,True,0,13845,12800,0,UTILITY,0,1,0,4,15,BOTTOM,0,7,2,637,0,0,4076,0,4,0,0,0,0,0,0,0,"{'statPerks': {'defense': 5001, 'flex': 5008, 'offense': 5008}, 'styles': [{'description': 'primaryStyle', 'selections': [{'perk': 8112, 'var1': 816, 'var2': 0, 'var3': 0}, {'perk': 8143, 'var1': 820, 'var2': 0, 'var3': 0}, {'perk': 8138, 'var1': 18, 'var2': 0, 'var3': 0}, {'perk': 8105, 'var1': 13, 'var2': 5, 'var3': 0}], 'style': 8100}, {'description': 'subStyle', 'selections': [{'perk': 8014, 'var1': 421, 'var2': 0, 'var3': 0}, {'perk': 9111, 'var1': 1621, 'var2': 580, 'var3': 0}], 'style': 8000}]}",51343,18048,10851,0,0,0,SUPPORT,0,527,PapaCaesars,False,UTILITY,36,1868,0,60781,22199,0,16302,0,5275,0,36,109,102,1,0,9437,4151,1374,1,5,4,0,0,34,0,1,15,True
24,0,0,2,0,0,0,4969,8,Renata,0,0,2,0,1035,0,7388,0,2,0,0,0,1,0,False,False,False,False,False,True,0,4360,3500,0,UTILITY,0,0,0,0,0,NONE,0,0,0,990,6739,2138,3075,0,0,0,0,0,0,0,0,0,"{'statPerks': {'defense': 5001, 'flex': 5008, 'offense': 5008}, 'styles': [{'description': 'primaryStyle', 'selections': [{'perk': 8437, 'var1': 197, 'var2': 114, 'var3': 0}, {'perk': 8401, 'var1': 45, 'var2': 0, 'var3': 0}, {'perk': 8429, 'var1': 38, 'var2': 12, 'var3': 10}, {'perk': 8242, 'var1': 113, 'var2': 0, 'var3': 0}], 'style': 8400}, {'description': 'subStyle', 'selections': [{'perk': 8304, 'var1': 10, 'var2': 3, 'var3': 0}, {'perk': 8345, 'var1': 3, 'var2': 0, 'var3': 0}], 'style': 8300}]}",6873,617,5593,0,0,0,SUPPORT,0,527,PapaCaesars,False,UTILITY,19,1170,0,16806,2755,173,8836,0,42,0,24,136,21,1,0,3193,0,167,0,0,1,0,0,19,0,0,8,False
25,0,0,17,0,0,0,11434,13,Renata,0,0,2,769,2918,769,35993,0,4,0,0,1,2,0,True,False,True,False,False,False,0,9661,9400,0,UTILITY,0,0,1,0,1,BOTTOM,92,0,1,785,20377,6429,11411,0,4,0,1,0,0,0,0,0,"{'statPerks': {'defense': 5001, 'flex': 5008, 'offense': 5008}, 'styles': [{'description': 'primaryStyle', 'selections': [{'perk': 8437, 'var1': 571, 'var2': 385, 'var3': 0}, {'perk': 8401, 'var1': 255, 'var2': 0, 'var3': 0}, {'perk': 8429, 'var1': 65, 'var2': 16, 'var3': 12}, {'perk': 8242, 'var1': 136, 'var2': 0, 'var3': 0}], 'style': 8400}, {'description': 'subStyle', 'selections': [{'perk': 8304, 'var1': 10, 'var2': 3, 'var3': 0}, {'perk': 8345, 'var1': 3, 'var2': 0, 'var3': 0}], 'style': 8300}]}",10058,1313,10594,0,0,0,SUPPORT,0,527,PapaCaesars,False,UTILITY,35,2094,0,36817,10951,1022,27499,0,3555,0,35,307,140,1,0,6381,3208,5493,0,1,9,0,0,39,0,2,18,False
26,0,0,11,0,0,0,11574,14,Morgana,0,0,2,1446,1446,1446,16786,0,8,0,0,0,0,0,False,False,False,False,False,True,0,8672,7250,0,UTILITY,0,0,2,0,1,BOTTOM,0,0,1,1143,48088,16712,16522,0,1,0,0,0,0,0,0,0,"{'statPerks': {'defense': 5001, 'flex': 5008, 'offense': 5008}, 'styles': [{'description': 'primaryStyle', 'selections': [{'perk': 8229, 'var1': 1529, 'var2': 0, 'var3': 0}, {'perk': 8226, 'var1': 250, 'var2': 860, 'var3': 0}, {'perk': 8210, 'var1': 5, 'var2': 0, 'var3': 0}, {'perk': 8236, 'var1': 48, 'var2': 0, 'var3': 0}], 'style': 8200}, {'description': 'subStyle', 'selections': [{'perk': 8304, 'var1': 10, 'var2': 3, 'var3': 0}, {'perk': 8345, 'var1': 3, 'var2': 0, 'var3': 0}], 'style': 8300}]}",7459,627,10008,0,0,0,SUPPORT,0,527,PapaCaesars,False,UTILITY,69,1910,1,57761,17878,942,27721,0,3953,0,42,137,315,1,0,2212,538,1190,0,1,10,0,0,20,0,0,9,False
27,0,0,11,0,0,1,11219,13,Lux,0,0,2,50,50,50,17617,0,12,0,0,0,0,0,False,False,False,False,False,False,0,8481,7450,0,UTILITY,0,0,2,0,2,BOTTOM,0,0,1,579,33561,12385,7694,0,0,0,1,0,0,0,0,0,"{'statPerks': {'defense': 5001, 'flex': 5008, 'offense': 5008}, 'styles': [{'description': 'primaryStyle', 'selections': [{'perk': 8229, 'var1': 1468, 'var2': 0, 'var3': 0}, {'perk': 8226, 'var1': 250, 'var2': 422, 'var3': 0}, {'perk': 8210, 'var1': 7, 'var2': 0, 'var3': 0}, {'perk': 8236, 'var1': 48, 'var2': 0, 'var3': 0}], 'style': 8200}, {'description': 'subStyle', 'selections': [{'perk': 8345, 'var1': 3, 'var2': 0, 'var3': 0}, {'perk': 8304, 'var1': 10, 'var2': 3, 'var3': 0}], 'style': 8300}]}",7527,779,19916,0,0,0,SUPPORT,0,526,PapaCaesars,False,UTILITY,38,1888,0,43424,13164,1227,28544,0,2326,0,48,219,295,1,0,2335,0,933,0,0,11,0,0,30,0,3,13,False
28,0,0,7,0,0,0,7805,11,Morgana,0,0,2,2468,5803,2468,5292,0,2,0,0,0,0,0,False,False,False,False,False,True,0,6669,5100,0,UTILITY,0,1,0,0,0,BOTTOM,0,0,0,867,31500,10745,2422,0,0,0,0,0,0,0,0,0,"{'statPerks': {'defense': 5001, 'flex': 5008, 'offense': 5008}, 'styles': [{'description': 'primaryStyle', 'selections': [{'perk': 8229, 'var1': 1161, 'var2': 0, 'var3': 0}, {'perk': 8226, 'var1': 250, 'var2': 789, 'var3': 0}, {'perk': 8210, 'var1': 0, 'var2': 0, 'var3': 0}, {'perk': 8237, 'var1': 526, 'var2': 0, 'var3': 0}], 'style': 8200}, {'description': 'subStyle', 'selections': [{'perk': 8345, 'var1': 3, 'var2': 0, 'var3': 0}, {'perk': 8304, 'var1': 11, 'var2': 1, 'var3': 5}], 'style': 8300}]}",8705,606,7763,0,0,0,SUPPORT,0,526,PapaCaesars,False,UTILITY,47,1558,0,44003,11351,336,10251,0,1677,0,41,90,50,1,0,3798,0,66,2,3,3,0,0,20,0,0,9,True
29,0,0,12,0,0,1,10744,13,Thresh,0,0,2,6058,7238,6058,27005,0,2,0,0,0,1,0,False,False,False,False,False,False,0,9254,8200,0,UTILITY,0,2,0,0,2,BOTTOM,4,0,1,543,19326,6436,4149,0,2,0,0,1,0,0,0,0,"{'statPerks': {'defense': 5001, 'flex': 5008, 'offense': 5008}, 'styles': [{'description': 'primaryStyle', 'selections': [{'perk': 8439, 'var1': 348, 'var2': 300, 'var3': 0}, {'perk': 8446, 'var1': 3466, 'var2': 0, 'var3': 0}, {'perk': 8429, 'var1': 60, 'var2': 17, 'var3': 10}, {'perk': 8242, 'var1': 105, 'var2': 0, 'var3': 0}], 'style': 8400}, {'description': 'subStyle', 'selections': [{'perk': 8345, 'var1': 3, 'var2': 0, 'var3': 0}, {'perk': 8304, 'var1': 9, 'var2': 0, 'var3': 0}], 'style': 8300}]}",14865,1350,9967,0,0,0,SUPPORT,0,526,PapaCaesars,False,UTILITY,43,1844,2,37326,7844,1520,14634,0,1923,0,30,1243,28,1,0,3134,58,518,2,8,5,0,0,46,0,2,21,True
30,0,0,10,0,0,0,10660,13,Swain,0,0,2,3074,5237,3074,29806,0,7,0,0,0,3,0,False,False,False,False,False,True,0,11314,10550,0,UTILITY,0,0,0,2,10,BOTTOM,0,4,1,527,66591,26195,9333,0,0,0,0,0,0,0,1,0,"{'statPerks': {'defense': 5001, 'flex': 5008, 'offense': 5008}, 'styles': [{'description': 'primaryStyle', 'selections': [{'perk': 8112, 'var1': 1780, 'var2': 0, 'var3': 0}, {'perk': 8126, 'var1': 1336, 'var2': 0, 'var3': 0}, {'perk': 8138, 'var1': 30, 'var2': 0, 'var3': 0}, {'perk': 8106, 'var1': 5, 'var2': 0, 'var3': 0}], 'style': 8100}, {'description': 'subStyle', 'selections': [{'perk': 8226, 'var1': 250, 'var2': 388, 'var3': 0}, {'perk': 8236, 'var1': 24, 'var2': 0, 'var3': 0}], 'style': 8200}]}",11382,2735,27337,0,0,0,SUPPORT,0,526,PapaCaesars,False,UTILITY,66,1754,0,84952,31665,0,39098,0,14362,0,49,722,176,1,0,6978,2734,2427,1,1,4,0,0,38,0,0,17,False
31,0,0,15,0,0,0,15157,16,Renata,0,0,2,1620,6459,1620,37974,0,7,0,0,0,3,0,False,False,True,False,False,False,0,10902,10300,0,UTILITY,0,1,0,0,1,BOTTOM,99,0,1,603,35816,9249,10501,0,0,0,0,0,0,0,0,0,"{'statPerks': {'defense': 5001, 'flex': 5008, 'offense': 5008}, 'styles': [{'description': 'primaryStyle', 'selections': [{'perk': 8437, 'var1': 496, 'var2': 298, 'var3': 0}, {'perk': 8463, 'var1': 1303, 'var2': 0, 'var3': 0}, {'perk': 8473, 'var1': 982, 'var2': 0, 'var3': 0}, {'perk': 8451, 'var1': 251, 'var2': 0, 'var3': 0}], 'style': 8400}, {'description': 'subStyle', 'selections': [{'perk': 8345, 'var1': 3, 'var2': 0, 'var3': 0}, {'perk': 8304, 'var1': 10, 'var2': 3, 'var3': 0}], 'style': 8300}]}",15032,1629,17692,0,0,0,SUPPORT,0,525,PapaCaesars,False,UTILITY,40,2492,0,55723,11729,932,32444,0,5696,713,41,415,264,5,0,4875,850,4250,0,3,3,0,0,66,0,9,24,True
32,0,0,29,0,0,0,16586,17,Renata,0,0,2,532,6060,532,51078,0,11,0,0,0,2,1,False,False,False,False,False,False,0,11626,10750,0,UTILITY,0,2,0,0,0,BOTTOM,38,0,0,538,36234,13814,20555,0,0,0,0,0,0,0,0,0,"{'statPerks': {'defense': 5001, 'flex': 5008, 'offense': 5008}, 'styles': [{'description': 'primaryStyle', 'selections': [{'perk': 8437, 'var1': 1121, 'var2': 678, 'var3': 0}, {'perk': 8463, 'var1': 5836, 'var2': 0, 'var3': 0}, {'perk': 8473, 'var1': 1135, 'var2': 0, 'var3': 0}, {'perk': 8451, 'var1': 260, 'var2': 0, 'var3': 0}], 'style': 8400}, {'description': 'subStyle', 'selections': [{'perk': 8345, 'var1': 3, 'var2': 0, 'var3': 0}, {'perk': 8304, 'var1': 11, 'var2': 1, 'var3': 5}], 'style': 8300}]}",13234,2782,18232,0,0,0,SUPPORT,0,525,PapaCaesars,False,UTILITY,51,2820,0,54607,19929,2507,46497,0,5287,3400,32,422,408,5,0,5137,3332,7709,0,2,5,0,0,64,0,4,25,True
33,0,0,8,0,0,0,10454,13,Karma,0,0,2,0,2825,0,16518,0,7,0,0,0,4,0,False,False,False,False,False,False,0,8030,7650,0,UTILITY,0,0,3,0,2,BOTTOM,0,0,1,775,39011,17093,6153,0,0,0,1,0,0,0,0,0,"{'statPerks': {'defense': 5001, 'flex': 5008, 'offense': 5008}, 'styles': [{'description': 'primaryStyle', 'selections': [{'perk': 8128, 'var1': 543, 'var2': 10, 'var3': 0}, {'perk': 8126, 'var1': 557, 'var2': 0, 'var3': 0}, {'perk': 8138, 'var1': 30, 'var2': 0, 'var3': 0}, {'perk': 8106, 'var1': 5, 'var2': 0, 'var3': 0}], 'style': 8100}, {'description': 'subStyle', 'selections': [{'perk': 8009, 'var1': 1420, 'var2': 0, 'var3': 0}, {'perk': 8014, 'var1': 212, 'var2': 0, 'var3': 0}], 'style': 8000}]}",8334,1116,11935,0,0,0,SUPPORT,0,525,PapaCaesars,False,UTILITY,34,1913,0,53139,18645,3152,19249,0,1815,0,50,262,213,1,0,5794,435,1160,0,0,11,0,0,36,0,6,14,False
34,0,0,14,0,0,0,6865,10,Morgana,0,0,2,841,7631,841,6110,0,4,0,0,0,1,0,False,False,False,False,False,True,0,6873,5800,0,UTILITY,0,0,0,1,2,BOTTOM,0,2,1,544,25671,7535,6436,0,0,0,0,0,0,0,0,0,"{'statPerks': {'defense': 5011, 'flex': 5008, 'offense': 5008}, 'styles': [{'description': 'primaryStyle', 'selections': [{'perk': 8229, 'var1': 891, 'var2': 0, 'var3': 0}, {'perk': 8226, 'var1': 250, 'var2': 364, 'var3': 0}, {'perk': 8210, 'var1': 0, 'var2': 0, 'var3': 0}, {'perk': 8237, 'var1': 412, 'var2': 0, 'var3': 0}], 'style': 8200}, {'description': 'subStyle', 'selections': [{'perk': 8304, 'var1': 10, 'var2': 3, 'var3': 0}, {'perk': 8345, 'var1': 3, 'var2': 0, 'var3': 0}], 'style': 8300}]}",5509,1091,6585,0,0,0,SUPPORT,0,524,PapaCaesars,False,UTILITY,38,1382,0,32843,8741,1153,13021,0,3012,0,29,71,78,1,0,1662,114,0,0,1,0,0,0,35,0,3,15,True
35,0,0,15,0,0,0,8820,12,Rakan,0,0,2,2077,4150,2077,18602,0,2,0,0,0,1,0,False,False,False,False,False,True,0,7353,6400,0,UTILITY,0,1,0,0,1,BOTTOM,0,0,1,896,9746,3120,6621,0,0,0,0,0,0,0,0,0,"{'statPerks': {'defense': 5013, 'flex': 5008, 'offense': 5008}, 'styles': [{'description': 'primaryStyle', 'selections': [{'perk': 8465, 'var1': 1565, 'var2': 0, 'var3': 0}, {'perk': 8446, 'var1': 988, 'var2': 0, 'var3': 0}, {'perk': 8429, 'var1': 49, 'var2': 15, 'var3': 10}, {'perk': 8242, 'var1': 114, 'var2': 0, 'var3': 0}], 'style': 8400}, {'description': 'subStyle', 'selections': [{'perk': 8345, 'var1': 3, 'var2': 0, 'var3': 0}, {'perk': 8304, 'var1': 9, 'var2': 4, 'var3': 5}], 'style': 8300}]}",7573,1056,7019,0,0,0,SUPPORT,0,524,PapaCaesars,False,UTILITY,13,1413,0,18922,4177,1827,14077,0,3896,1702,23,133,49,5,0,1601,0,436,1,3,2,0,0,25,0,1,11,True
36,0,0,4,0,0,1,7151,10,Nautilus,0,0,2,832,937,832,31209,0,7,0,0,0,3,0,False,False,False,False,False,False,0,6055,5400,0,UTILITY,0,0,2,0,1,MIDDLE,0,0,1,423,7664,4332,7965,0,0,0,1,0,0,0,0,0,"{'statPerks': {'defense': 5013, 'flex': 5010, 'offense': 5008}, 'styles': [{'description': 'primaryStyle', 'selections': [{'perk': 8439, 'var1': 491, 'var2': 964, 'var3': 0}, {'perk': 8446, 'var1': 527, 'var2': 0, 'var3': 0}, {'perk': 8429, 'var1': 49, 'var2': 11, 'var3': 12}, {'perk': 8242, 'var1': 83, 'var2': 0, 'var3': 0}], 'style': 8400}, {'description': 'subStyle', 'selections': [{'perk': 8345, 'var1': 3, 'var2': 0, 'var3': 0}, {'perk': 8304, 'var1': 10, 'var2': 3, 'var3': 0}], 'style': 8300}]}",10184,2209,10724,0,0,0,SUPPORT,0,524,PapaCaesars,False,UTILITY,55,1420,0,22333,6643,0,19273,0,145,0,32,228,152,1,0,4484,102,583,1,1,11,0,0,31,0,1,15,False
37,0,0,5,0,0,0,4502,8,Thresh,0,0,2,993,993,993,4981,0,0,0,0,0,0,0,False,False,False,False,False,True,0,4014,3000,0,UTILITY,0,0,0,0,0,NONE,0,0,0,0,3699,1370,1965,0,0,0,0,0,0,0,0,0,"{'statPerks': {'defense': 5013, 'flex': 5010, 'offense': 5008}, 'styles': [{'description': 'primaryStyle', 'selections': [{'perk': 8465, 'var1': 345, 'var2': 0, 'var3': 0}, {'perk': 8446, 'var1': 469, 'var2': 0, 'var3': 0}, {'perk': 8429, 'var1': 23, 'var2': 11, 'var3': 11}, {'perk': 8242, 'var1': 32, 'var2': 0, 'var3': 0}], 'style': 8400}, {'description': 'subStyle', 'selections': [{'perk': 8345, 'var1': 3, 'var2': 0, 'var3': 0}, {'perk': 8304, 'var1': 10, 'var2': 3, 'var3': 0}], 'style': 8300}]}",5015,549,3739,0,0,0,SUPPORT,0,524,PapaCaesars,False,UTILITY,7,945,0,13440,1919,418,5859,0,0,0,24,29,0,0,0,4725,0,154,0,0,0,0,0,18,0,1,9,True
38,0,0,13,0,0,1,17040,17,Morgana,0,0,4,2100,10155,2100,19671,0,7,0,1,0,1,0,False,False,False,False,False,False,0,11655,10550,0,UTILITY,0,1,0,2,5,BOTTOM,0,2,2,779,53356,13357,21371,0,1,0,0,1,0,0,0,0,"{'statPerks': {'defense': 5011, 'flex': 5008, 'offense': 5008}, 'styles': [{'description': 'primaryStyle', 'selections': [{'perk': 8229, 'var1': 1030, 'var2': 0, 'var3': 0}, {'perk': 8226, 'var1': 250, 'var2': 217, 'var3': 0}, {'perk': 8210, 'var1': 29, 'var2': 0, 'var3': 0}, {'perk': 8236, 'var1': 48, 'var2': 0, 'var3': 0}], 'style': 8200}, {'description': 'subStyle', 'selections': [{'perk': 8304, 'var1': 10, 'var2': 3, 'var3': 0}, {'perk': 8347, 'var1': 0, 'var2': 0, 'var3': 0}], 'style': 8300}]}",9945,659,9592,0,0,0,SUPPORT,0,523,PapaCaesars,False,UTILITY,52,2391,0,70271,14269,2533,31259,1,9538,0,72,133,237,1,0,6969,252,295,1,4,6,0,0,74,0,5,33,True
39,0,0,8,0,0,2,13245,15,Pyke,0,0,2,6600,10872,6600,11851,0,3,0,2,0,0,0,True,False,False,False,False,False,0,10123,9037,0,UTILITY,0,2,0,2,8,BOTTOM,0,6,2,795,116,73,4756,0,0,0,0,0,0,0,1,0,"{'statPerks': {'defense': 5011, 'flex': 5008, 'offense': 5008}, 'styles': [{'description': 'primaryStyle', 'selections': [{'perk': 8112, 'var1': 746, 'var2': 0, 'var3': 0}, {'perk': 8143, 'var1': 400, 'var2': 0, 'var3': 0}, {'perk': 8138, 'var1': 18, 'var2': 0, 'var3': 0}, {'perk': 8106, 'var1': 5, 'var2': 0, 'var3': 0}], 'style': 8100}, {'description': 'subStyle', 'selections': [{'perk': 8473, 'var1': 959, 'var2': 0, 'var3': 0}, {'perk': 8446, 'var1': 2164, 'var2': 0, 'var3': 0}], 'style': 8400}]}",29369,7202,11983,0,0,0,SUPPORT,0,523,PapaCaesars,False,UTILITY,12,1786,0,37070,10227,0,17004,0,5912,0,24,74,109,1,0,7585,2951,264,3,5,3,0,0,26,0,1,12,True
40,0,0,7,0,0,0,9939,12,Lulu,0,0,3,2182,4241,2182,10030,0,6,1,0,1,1,2,False,False,False,False,False,False,0,7871,6775,0,UTILITY,0,0,2,0,1,BOTTOM,0,0,1,980,23207,5525,5710,0,4,0,1,0,0,0,0,0,"{'statPerks': {'defense': 5011, 'flex': 5008, 'offense': 5008}, 'styles': [{'description': 'primaryStyle', 'selections': [{'perk': 8214, 'var1': 728, 'var2': 494, 'var3': 0}, {'perk': 8226, 'var1': 250, 'var2': 206, 'var3': 0}, {'perk': 8210, 'var1': 5, 'var2': 0, 'var3': 0}, {'perk': 8236, 'var1': 48, 'var2': 0, 'var3': 0}], 'style': 8200}, {'description': 'subStyle', 'selections': [{'perk': 8304, 'var1': 11, 'var2': 1, 'var3': 5}, {'perk': 8345, 'var1': 3, 'var2': 0, 'var3': 0}], 'style': 8300}]}",5512,1217,10427,0,0,0,SUPPORT,0,523,PapaCaesars,False,UTILITY,25,2012,0,31225,6874,3515,16286,0,220,0,33,259,183,1,0,2504,132,148,0,2,9,0,0,65,1,5,28,False
41,0,0,2,0,0,0,5066,9,Soraka,0,0,4,161,161,161,3585,0,2,2,0,0,2,1,False,False,False,False,False,True,0,4169,3850,0,UTILITY,0,0,0,0,0,NONE,0,0,0,579,5084,2340,3353,0,0,0,0,0,0,0,0,0,"{'statPerks': {'defense': 5011, 'flex': 5008, 'offense': 5008}, 'styles': [{'description': 'primaryStyle', 'selections': [{'perk': 8214, 'var1': 342, 'var2': 181, 'var3': 0}, {'perk': 8226, 'var1': 250, 'var2': 60, 'var3': 0}, {'perk': 8210, 'var1': 0, 'var2': 0, 'var3': 0}, {'perk': 8236, 'var1': 8, 'var2': 0, 'var3': 0}], 'style': 8200}, {'description': 'subStyle', 'selections': [{'perk': 8453, 'var1': 689, 'var2': 30, 'var3': 0}, {'perk': 8473, 'var1': 299, 'var2': 0, 'var3': 0}], 'style': 8400}]}",3273,253,3882,0,0,0,SUPPORT,0,523,PapaCaesars,False,UTILITY,14,1077,0,10717,2594,224,7386,0,6046,3763,22,90,10,5,0,2359,0,150,0,0,1,0,0,26,2,2,12,False
42,0,1,22,0,0,0,15289,16,Lulu,0,0,3,2106,5814,2106,18082,0,7,1,0,0,4,0,False,False,False,False,False,False,0,10801,9075,0,UTILITY,0,1,0,1,3,BOTTOM,0,2,1,486,29976,8638,14110,0,0,0,0,1,0,0,0,0,"{'statPerks': {'defense': 5001, 'flex': 5008, 'offense': 5008}, 'styles': [{'description': 'primaryStyle', 'selections': [{'perk': 8465, 'var1': 4050, 'var2': 0, 'var3': 0}, {'perk': 8463, 'var1': 1774, 'var2': 0, 'var3': 0}, {'perk': 8473, 'var1': 1133, 'var2': 0, 'var3': 0}, {'perk': 8453, 'var1': 660, 'var2': 1513, 'var3': 0}], 'style': 8400}, {'description': 'subStyle', 'selections': [{'perk': 8345, 'var1': 3, 'var2': 0, 'var3': 0}, {'perk': 8347, 'var1': 0, 'var2': 0, 'var3': 0}], 'style': 8300}]}",7526,1577,8797,0,0,0,SUPPORT,0,523,PapaCaesars,False,UTILITY,43,2343,0,41506,11021,8753,26492,0,5809,2113,36,447,196,6,0,4003,805,3584,1,3,2,0,0,65,1,5,25,True
43,0,0,14,0,0,2,9175,12,Lulu,0,0,2,2354,2808,2354,5176,0,0,0,0,0,2,0,False,False,True,False,False,True,0,7305,6150,0,UTILITY,0,0,0,1,2,BOTTOM,0,2,1,0,25122,7455,2617,0,0,0,0,0,0,0,0,0,"{'statPerks': {'defense': 5001, 'flex': 5008, 'offense': 5007}, 'styles': [{'description': 'primaryStyle', 'selections': [{'perk': 8214, 'var1': 765, 'var2': 766, 'var3': 0}, {'perk': 8226, 'var1': 250, 'var2': 425, 'var3': 0}, {'perk': 8210, 'var1': 10, 'var2': 0, 'var3': 0}, {'perk': 8237, 'var1': 541, 'var2': 0, 'var3': 0}], 'style': 8200}, {'description': 'subStyle', 'selections': [{'perk': 8473, 'var1': 462, 'var2': 0, 'var3': 0}, {'perk': 8453, 'var1': 163, 'var2': 715, 'var3': 0}], 'style': 8400}]}",7945,1411,3236,0,0,0,SUPPORT,0,522,PapaCaesars,False,UTILITY,32,1312,0,36992,9451,4231,5926,0,949,0,34,345,0,1,0,3924,584,72,0,3,0,0,0,22,0,2,11,True
44,0,0,7,0,0,0,12905,14,Morgana,0,0,3,2358,4954,2358,16307,0,10,1,2,0,1,0,False,False,False,False,False,False,0,11257,10425,0,UTILITY,0,0,1,2,7,BOTTOM,0,3,2,460,56632,27711,12154,0,4,0,1,0,0,0,0,0,"{'statPerks': {'defense': 5011, 'flex': 5008, 'offense': 5008}, 'styles': [{'description': 'primaryStyle', 'selections': [{'perk': 8229, 'var1': 2429, 'var2': 0, 'var3': 0}, {'perk': 8226, 'var1': 250, 'var2': 1271, 'var3': 0}, {'perk': 8210, 'var1': 22, 'var2': 0, 'var3': 0}, {'perk': 8237, 'var1': 990, 'var2': 0, 'var3': 0}], 'style': 8200}, {'description': 'subStyle', 'selections': [{'perk': 8345, 'var1': 3, 'var2': 0, 'var3': 0}, {'perk': 8304, 'var1': 9, 'var2': 4, 'var3': 5}], 'style': 8300}]}",10936,1771,13666,0,0,0,SUPPORT,0,522,PapaCaesars,False,UTILITY,117,2094,0,70919,30256,2099,28857,0,4652,0,62,179,279,1,0,3349,773,3036,1,1,8,0,0,76,1,9,30,False
45,0,0,19,0,0,0,15234,16,Morgana,0,0,3,2692,9559,2692,18228,0,3,1,0,1,1,0,False,False,False,False,False,False,0,10435,9625,0,UTILITY,0,0,1,0,2,BOTTOM,0,0,1,1023,67173,26759,9552,0,4,0,1,0,0,0,0,0,"{'statPerks': {'defense': 5011, 'flex': 5008, 'offense': 5008}, 'styles': [{'description': 'primaryStyle', 'selections': [{'perk': 8229, 'var1': 2502, 'var2': 0, 'var3': 0}, {'perk': 8226, 'var1': 250, 'var2': 1436, 'var3': 0}, {'perk': 8210, 'var1': 34, 'var2': 0, 'var3': 0}, {'perk': 8237, 'var1': 859, 'var2': 0, 'var3': 0}], 'style': 8200}, {'description': 'subStyle', 'selections': [{'perk': 8345, 'var1': 3, 'var2': 0, 'var3': 0}, {'perk': 8304, 'var1': 11, 'var2': 1, 'var3': 5}], 'style': 8300}]}",9295,1064,10658,0,0,0,SUPPORT,0,522,PapaCaesars,False,UTILITY,99,1990,0,79532,28077,2025,20756,0,7417,0,62,193,53,1,0,3063,254,545,2,3,10,0,0,61,1,3,25,False
46,0,0,18,0,0,0,17549,17,Rakan,0,0,3,930,4076,930,93927,0,12,0,0,1,4,0,False,False,False,False,False,False,0,12378,11900,0,UTILITY,0,0,1,0,2,BOTTOM,36,0,1,569,25510,8808,16013,0,8,0,1,0,1,1,0,0,"{'statPerks': {'defense': 5011, 'flex': 5008, 'offense': 5008}, 'styles': [{'description': 'primaryStyle', 'selections': [{'perk': 8439, 'var1': 517, 'var2': 1379, 'var3': 0}, {'perk': 8446, 'var1': 570, 'var2': 0, 'var3': 0}, {'perk': 8429, 'var1': 73, 'var2': 17, 'var3': 13}, {'perk': 8451, 'var1': 237, 'var2': 0, 'var3': 0}], 'style': 8400}, {'description': 'subStyle', 'selections': [{'perk': 8345, 'var1': 3, 'var2': 0, 'var3': 0}, {'perk': 8304, 'var1': 10, 'var2': 3, 'var3': 0}], 'style': 8300}]}",14633,1870,25731,0,0,0,SUPPORT,0,522,PapaCaesars,False,UTILITY,63,2756,0,47242,11184,2606,47966,0,9934,2574,53,664,465,5,0,7098,506,6221,0,0,8,0,0,76,0,5,33,False
47,0,0,1,0,0,0,4293,8,Pantheon,0,0,2,0,88,0,4401,0,5,0,0,0,0,0,False,False,False,False,False,True,0,3755,2700,0,UTILITY,0,0,0,0,0,NONE,0,0,0,403,1109,0,3515,0,0,0,0,0,0,0,0,0,"{'statPerks': {'defense': 5011, 'flex': 5008, 'offense': 5008}, 'styles': [{'description': 'primaryStyle', 'selections': [{'perk': 8128, 'var1': 89, 'var2': 3, 'var3': 0}, {'perk': 8143, 'var1': 125, 'var2': 0, 'var3': 0}, {'perk': 8138, 'var1': 1, 'var2': 0, 'var3': 0}, {'perk': 8106, 'var1': 1, 'var2': 0, 'var3': 0}], 'style': 8100}, {'description': 'subStyle', 'selections': [{'perk': 9111, 'var1': 0, 'var2': 20, 'var3': 0}, {'perk': 8014, 'var1': 55, 'var2': 0, 'var3': 0}], 'style': 8000}]}",12375,3656,5730,0,0,0,SUPPORT,0,522,PapaCaesars,False,UTILITY,7,966,0,16511,4146,0,9422,0,0,0,23,22,56,0,0,3025,490,176,0,0,1,0,0,20,0,0,9,False
48,0,0,6,0,0,0,9199,12,Morgana,0,0,3,3107,3721,3107,8837,0,3,1,0,0,2,0,True,False,False,False,False,True,0,8602,8125,0,UTILITY,0,0,0,1,3,BOTTOM,0,3,1,1326,26701,11965,5778,0,0,0,0,0,0,0,0,0,"{'statPerks': {'defense': 5011, 'flex': 5008, 'offense': 5008}, 'styles': [{'description': 'primaryStyle', 'selections': [{'perk': 8214, 'var1': 991, 'var2': 61, 'var3': 0}, {'perk': 8226, 'var1': 250, 'var2': 367, 'var3': 0}, {'perk': 8210, 'var1': 5, 'var2': 0, 'var3': 0}, {'perk': 8237, 'var1': 471, 'var2': 0, 'var3': 0}], 'style': 8200}, {'description': 'subStyle', 'selections': [{'perk': 8345, 'var1': 3, 'var2': 0, 'var3': 0}, {'perk': 8304, 'var1': 10, 'var2': 3, 'var3': 0}], 'style': 8300}]}",7793,1060,8028,0,0,0,SUPPORT,0,522,PapaCaesars,False,UTILITY,56,1659,0,38354,13025,561,15065,0,4023,325,41,98,77,4,0,3860,0,1259,1,2,4,0,0,56,1,7,22,False
49,0,0,9,0,0,0,9680,12,Morgana,0,0,3,1503,4746,1503,7471,0,2,1,1,0,1,0,False,False,False,False,False,True,0,8059,6225,0,UTILITY,0,0,0,1,5,BOTTOM,0,4,2,797,23365,7870,4072,0,0,0,0,0,0,0,0,0,"{'statPerks': {'defense': 5011, 'flex': 5008, 'offense': 5008}, 'styles': [{'description': 'primaryStyle', 'selections': [{'perk': 8214, 'var1': 725, 'var2': 72, 'var3': 0}, {'perk': 8226, 'var1': 250, 'var2': 324, 'var3': 0}, {'perk': 8210, 'var1': 16, 'var2': 0, 'var3': 0}, {'perk': 8237, 'var1': 417, 'var2': 0, 'var3': 0}], 'style': 8200}, {'description': 'subStyle', 'selections': [{'perk': 8345, 'var1': 3, 'var2': 0, 'var3': 0}, {'perk': 8304, 'var1': 10, 'var2': 3, 'var3': 0}], 'style': 8300}]}",8417,895,7179,0,0,0,SUPPORT,0,521,PapaCaesars,False,UTILITY,52,1441,0,35913,8838,1036,11686,0,2856,0,42,126,47,1,0,4131,72,434,1,2,2,0,0,37,1,1,16,True
50,0,0,5,0,0,0,9711,12,Janna,0,0,2,874,971,874,9900,0,6,0,0,0,3,0,False,False,False,False,False,False,0,6192,5600,0,UTILITY,0,0,1,0,0,BOTTOM,0,0,0,504,12466,3680,3481,0,0,0,1,0,0,0,0,0,"{'statPerks': {'defense': 5011, 'flex': 5008, 'offense': 5008}, 'styles': [{'description': 'primaryStyle', 'selections': [{'perk': 8214, 'var1': 722, 'var2': 897, 'var3': 0}, {'perk': 8226, 'var1': 250, 'var2': 276, 'var3': 0}, {'perk': 8210, 'var1': 1, 'var2': 0, 'var3': 0}, {'perk': 8236, 'var1': 24, 'var2': 0, 'var3': 0}], 'style': 8200}, {'description': 'subStyle', 'selections': [{'perk': 8345, 'var1': 3, 'var2': 0, 'var3': 0}, {'perk': 8304, 'var1': 11, 'var2': 1, 'var3': 5}], 'style': 8300}]}",5997,641,11347,0,0,0,SUPPORT,0,521,PapaCaesars,False,UTILITY,36,1739,0,21675,4386,6317,16311,0,2743,1286,25,146,144,5,0,3210,64,1483,0,1,7,0,0,51,0,4,18,False
51,0,0,22,0,0,3,9460,12,Orianna,0,0,2,4732,8726,4732,2962,0,1,0,0,1,1,0,True,False,True,False,False,True,0,9266,7900,0,UTILITY,0,0,0,1,3,BOTTOM,0,3,1,331,37665,14066,608,0,6,0,0,0,0,0,0,0,"{'statPerks': {'defense': 5011, 'flex': 5008, 'offense': 5008}, 'styles': [{'description': 'primaryStyle', 'selections': [{'perk': 8229, 'var1': 841, 'var2': 0, 'var3': 0}, {'perk': 8226, 'var1': 250, 'var2': 551, 'var3': 0}, {'perk': 8210, 'var1': 3, 'var2': 0, 'var3': 0}, {'perk': 8236, 'var1': 24, 'var2': 0, 'var3': 0}], 'style': 8200}, {'description': 'subStyle', 'selections': [{'perk': 8345, 'var1': 3, 'var2': 0, 'var3': 0}, {'perk': 8304, 'var1': 9, 'var2': 0, 'var3': 0}], 'style': 8300}]}",5705,986,5950,0,0,0,SUPPORT,0,521,PapaCaesars,False,UTILITY,18,1345,2,51476,15351,1508,7553,0,1502,0,38,165,8,1,0,8104,298,994,1,4,3,0,0,23,0,0,12,True
52,0,1,8,0,0,0,5170,9,Lulu,0,0,2,487,589,487,5270,0,6,0,0,0,0,0,False,False,False,False,False,True,0,4932,4700,0,UTILITY,0,0,1,0,0,NONE,0,0,0,423,13300,4446,2068,0,0,0,0,0,0,0,0,0,"{'statPerks': {'defense': 5011, 'flex': 5008, 'offense': 5008}, 'styles': [{'description': 'primaryStyle', 'selections': [{'perk': 8214, 'var1': 713, 'var2': 89, 'var3': 0}, {'perk': 8226, 'var1': 250, 'var2': 159, 'var3': 0}, {'perk': 8210, 'var1': 0, 'var2': 0, 'var3': 0}, {'perk': 8236, 'var1': 8, 'var2': 0, 'var3': 0}], 'style': 8200}, {'description': 'subStyle', 'selections': [{'perk': 8345, 'var1': 3, 'var2': 0, 'var3': 0}, {'perk': 8347, 'var1': 0, 'var2': 0, 'var3': 0}], 'style': 8300}]}",5046,1294,9213,0,0,0,SUPPORT,0,521,PapaCaesars,False,UTILITY,22,1121,0,20092,5740,2355,11481,0,0,0,26,217,104,0,0,1745,0,198,0,0,6,0,0,13,0,2,7,False
53,0,0,3,0,0,1,7278,10,Swain,0,0,2,0,380,0,7435,0,6,0,0,0,1,0,False,False,False,False,False,True,0,6427,6050,0,UTILITY,0,0,0,0,1,BOTTOM,0,0,1,444,15084,6288,6220,0,0,0,0,0,0,0,0,0,"{'statPerks': {'defense': 5011, 'flex': 5008, 'offense': 5008}, 'styles': [{'description': 'primaryStyle', 'selections': [{'perk': 8214, 'var1': 545, 'var2': 0, 'var3': 0}, {'perk': 8226, 'var1': 250, 'var2': 59, 'var3': 0}, {'perk': 8210, 'var1': 0, 'var2': 0, 'var3': 0}, {'perk': 8236, 'var1': 24, 'var2': 0, 'var3': 0}], 'style': 8200}, {'description': 'subStyle', 'selections': [{'perk': 8126, 'var1': 213, 'var2': 0, 'var3': 0}, {'perk': 8106, 'var1': 2, 'var2': 0, 'var3': 0}], 'style': 8100}]}",7203,381,8377,0,0,0,SUPPORT,0,521,PapaCaesars,False,UTILITY,16,1515,0,26670,6921,0,15746,0,1652,0,50,61,140,1,0,4382,251,1148,0,0,4,0,0,29,0,5,12,False
54,0,0,14,0,0,0,15176,16,Leona,0,0,2,869,1312,869,44317,0,6,0,0,0,0,0,False,False,False,False,False,True,0,9735,8700,0,UTILITY,0,0,0,0,1,BOTTOM,60,0,1,727,16522,7430,16848,0,0,0,0,0,0,1,0,0,"{'statPerks': {'defense': 5001, 'flex': 5001, 'offense': 5008}, 'styles': [{'description': 'primaryStyle', 'selections': [{'perk': 8439, 'var1': 1065, 'var2': 887, 'var3': 0}, {'perk': 8446, 'var1': 463, 'var2': 0, 'var3': 0}, {'perk': 8429, 'var1': 68, 'var2': 16, 'var3': 12}, {'perk': 8242, 'var1': 195, 'var2': 0, 'var3': 0}], 'style': 8400}, {'description': 'subStyle', 'selections': [{'perk': 8304, 'var1': 11, 'var2': 1, 'var3': 5}, {'perk': 8345, 'var1': 3, 'var2': 0, 'var3': 0}], 'style': 8300}]}",12893,2424,12819,0,0,0,SUPPORT,0,520,PapaCaesars,False,UTILITY,45,2306,0,43425,11636,0,33054,0,4764,0,43,93,197,1,0,14009,1781,3386,0,1,6,0,0,61,0,4,30,True
55,0,0,18,0,0,0,6337,10,Rakan,0,0,2,3123,5152,3123,10817,0,1,0,0,0,1,0,False,False,True,False,False,True,0,6376,5600,0,UTILITY,0,0,0,0,0,NONE,0,0,0,238,8771,3224,3057,0,0,0,0,0,0,0,0,0,"{'statPerks': {'defense': 5001, 'flex': 5008, 'offense': 5008}, 'styles': [{'description': 'primaryStyle', 'selections': [{'perk': 8439, 'var1': 199, 'var2': 497, 'var3': 0}, {'perk': 8446, 'var1': 998, 'var2': 0, 'var3': 0}, {'perk': 8473, 'var1': 185, 'var2': 0, 'var3': 0}, {'perk': 8453, 'var1': 454, 'var2': 135, 'var3': 0}], 'style': 8400}, {'description': 'subStyle', 'selections': [{'perk': 8234, 'var1': 7331, 'var2': 0, 'var3': 0}, {'perk': 8275, 'var1': 7, 'var2': 0, 'var3': 0}], 'style': 8200}]}",6513,1525,5938,0,0,0,SUPPORT,0,520,PapaCaesars,False,UTILITY,21,1186,0,23594,5190,576,9336,0,4168,1152,17,77,8,4,0,8308,440,340,1,2,0,0,0,29,0,2,12,True
56,0,0,6,0,0,0,9006,12,Lux,0,0,3,161,336,161,4993,0,13,1,0,0,0,0,False,False,False,False,False,True,0,7174,6325,0,UTILITY,0,0,1,0,1,BOTTOM,0,0,1,318,36600,11435,11655,0,0,0,0,0,0,0,0,0,"{'statPerks': {'defense': 5001, 'flex': 5008, 'offense': 5008}, 'styles': [{'description': 'primaryStyle', 'selections': [{'perk': 8128, 'var1': 384, 'var2': 9, 'var3': 0}, {'perk': 8126, 'var1': 770, 'var2': 0, 'var3': 0}, {'perk': 8138, 'var1': 14, 'var2': 0, 'var3': 0}, {'perk': 8106, 'var1': 3, 'var2': 0, 'var3': 0}], 'style': 8100}, {'description': 'subStyle', 'selections': [{'perk': 8226, 'var1': 250, 'var2': 539, 'var3': 0}, {'perk': 8210, 'var1': 0, 'var2': 0, 'var3': 0}], 'style': 8200}]}",6813,316,9539,0,0,0,SUPPORT,0,520,PapaCaesars,False,UTILITY,47,1915,0,46870,12501,1722,21819,0,760,0,39,213,258,1,0,3456,749,625,0,0,9,0,0,43,1,2,19,False
57,0,0,9,0,0,0,13957,15,Senna,0,0,2,5118,12963,5118,20130,0,9,0,0,0,1,0,False,False,False,False,False,False,0,11129,9700,0,UTILITY,0,1,1,0,2,BOTTOM,549,0,1,395,0,0,10461,0,0,0,1,0,0,0,0,0,"{'statPerks': {'defense': 5001, 'flex': 5008, 'offense': 5005}, 'styles': [{'description': 'primaryStyle', 'selections': [{'perk': 8021, 'var1': 1852, 'var2': 1538, 'var3': 0}, {'perk': 9101, 'var1': 3962, 'var2': 3336, 'var3': 0}, {'perk': 9103, 'var1': 33, 'var2': 20, 'var3': 0}, {'perk': 8014, 'var1': 266, 'var2': 0, 'var3': 0}], 'style': 8000}, {'description': 'subStyle', 'selections': [{'perk': 8126, 'var1': 607, 'var2': 0, 'var3': 0}, {'perk': 8106, 'var1': 4, 'var2': 0, 'var3': 0}], 'style': 8100}]}",62268,16583,17189,0,0,0,SUPPORT,0,520,PapaCaesars,False,UTILITY,39,2024,0,64673,17110,1779,28365,0,10444,2684,36,221,239,4,0,2404,527,714,1,3,8,0,0,46,0,4,17,False
58,0,0,2,0,0,0,4857,8,Leona,0,0,2,1142,1248,1142,8276,0,3,0,0,0,3,0,False,False,False,False,False,True,0,4601,4200,0,UTILITY,0,0,0,0,0,NONE,0,0,0,810,4756,2046,4814,0,0,0,0,0,0,0,1,0,"{'statPerks': {'defense': 5001, 'flex': 5001, 'offense': 5008}, 'styles': [{'description': 'primaryStyle', 'selections': [{'perk': 8439, 'var1': 323, 'var2': 387, 'var3': 0}, {'perk': 8446, 'var1': 577, 'var2': 0, 'var3': 0}, {'perk': 8473, 'var1': 473, 'var2': 0, 'var3': 0}, {'perk': 8451, 'var1': 126, 'var2': 0, 'var3': 0}], 'style': 8400}, {'description': 'subStyle', 'selections': [{'perk': 8345, 'var1': 3, 'var2': 0, 'var3': 0}, {'perk': 8304, 'var1': 11, 'var2': 1, 'var3': 5}], 'style': 8300}]}",6263,504,4603,0,0,0,SUPPORT,0,520,PapaCaesars,False,UTILITY,12,1125,0,17477,2888,0,9830,0,998,0,41,27,58,1,0,6457,338,411,0,0,2,0,0,20,0,2,9,False
59,0,1,5,0,0,0,7619,11,Maokai,0,0,2,0,2736,0,29122,0,7,0,0,0,2,0,False,False,False,False,False,False,0,6480,5600,0,UTILITY,0,0,1,0,1,BOTTOM,0,0,1,497,14132,5728,3858,0,1,0,1,0,0,0,0,0,"{'statPerks': {'defense': 5001, 'flex': 5001, 'offense': 5008}, 'styles': [{'description': 'primaryStyle', 'selections': [{'perk': 8439, 'var1': 341, 'var2': 958, 'var3': 0}, {'perk': 8446, 'var1': 0, 'var2': 0, 'var3': 0}, {'perk': 8473, 'var1': 778, 'var2': 0, 'var3': 0}, {'perk': 8451, 'var1': 166, 'var2': 0, 'var3': 0}], 'style': 8400}, {'description': 'subStyle', 'selections': [{'perk': 8345, 'var1': 3, 'var2': 0, 'var3': 0}, {'perk': 8304, 'var1': 9, 'var2': 4, 'var3': 5}], 'style': 8300}]}",8291,1201,14773,0,0,0,SUPPORT,0,520,PapaCaesars,False,UTILITY,57,1578,1,26720,7432,0,19862,0,2700,0,30,750,176,1,0,4295,502,1230,0,0,9,0,0,30,0,1,13,False
60,0,0,1,0,0,0,4357,8,Lulu,0,0,3,358,358,358,5407,0,2,1,0,0,0,0,False,False,False,False,False,True,0,4144,3675,0,UTILITY,0,0,0,0,0,NONE,0,0,0,699,7327,2904,1602,0,0,0,0,0,0,0,0,0,"{'statPerks': {'defense': 5002, 'flex': 5008, 'offense': 5008}, 'styles': [{'description': 'primaryStyle', 'selections': [{'perk': 8214, 'var1': 390, 'var2': 185, 'var3': 0}, {'perk': 8226, 'var1': 250, 'var2': 126, 'var3': 0}, {'perk': 8210, 'var1': 0, 'var2': 0, 'var3': 0}, {'perk': 8237, 'var1': 327, 'var2': 0, 'var3': 0}], 'style': 8200}, {'description': 'subStyle', 'selections': [{'perk': 8345, 'var1': 3, 'var2': 0, 'var3': 0}, {'perk': 8347, 'var1': 0, 'var2': 0, 'var3': 0}], 'style': 8300}]}",3624,368,6646,0,0,0,SUPPORT,0,520,PapaCaesars,False,UTILITY,12,1073,0,12558,3273,1673,8400,0,495,0,17,107,32,1,0,1606,0,151,0,0,1,0,0,30,1,2,14,False
61,0,0,11,0,0,0,9885,12,Lulu,0,0,2,1001,2786,1001,4344,0,0,0,0,0,3,0,False,False,False,False,False,True,0,6312,5250,0,UTILITY,0,0,0,0,0,BOTTOM,0,0,0,0,14240,4132,2603,0,0,0,0,0,0,0,0,0,"{'statPerks': {'defense': 5002, 'flex': 5008, 'offense': 5008}, 'styles': [{'description': 'primaryStyle', 'selections': [{'perk': 8214, 'var1': 526, 'var2': 392, 'var3': 0}, {'perk': 8226, 'var1': 250, 'var2': 71, 'var3': 0}, {'perk': 8210, 'var1': 10, 'var2': 0, 'var3': 0}, {'perk': 8237, 'var1': 237, 'var2': 0, 'var3': 0}], 'style': 8200}, {'description': 'subStyle', 'selections': [{'perk': 8345, 'var1': 3, 'var2': 0, 'var3': 0}, {'perk': 8347, 'var1': 0, 'var2': 0, 'var3': 0}], 'style': 8300}]}",6235,1026,4498,0,0,0,SUPPORT,0,519,PapaCaesars,False,UTILITY,24,1545,0,23836,5158,4258,7102,0,1252,0,32,172,0,1,0,3360,0,0,0,1,3,0,0,46,0,6,16,True
62,0,0,2,0,0,0,11031,13,Orianna,0,0,2,1147,1594,1147,10411,0,6,0,0,0,2,1,False,False,False,False,False,True,0,9101,7500,0,UTILITY,0,0,2,0,2,BOTTOM,0,0,1,721,52216,17022,9878,0,0,0,0,0,0,0,0,0,"{'statPerks': {'defense': 5001, 'flex': 5008, 'offense': 5008}, 'styles': [{'description': 'primaryStyle', 'selections': [{'perk': 8229, 'var1': 1283, 'var2': 0, 'var3': 0}, {'perk': 8226, 'var1': 250, 'var2': 596, 'var3': 0}, {'perk': 8210, 'var1': 2, 'var2': 0, 'var3': 0}, {'perk': 8236, 'var1': 48, 'var2': 0, 'var3': 0}], 'style': 8200}, {'description': 'subStyle', 'selections': [{'perk': 8304, 'var1': 11, 'var2': 1, 'var3': 5}, {'perk': 8345, 'var1': 3, 'var2': 0, 'var3': 0}], 'style': 8300}]}",7230,527,10004,0,0,0,SUPPORT,0,519,PapaCaesars,False,UTILITY,24,2104,0,62154,17621,558,20182,0,694,0,69,309,220,1,0,2707,72,298,0,0,8,0,0,62,0,6,23,False
63,0,1,14,0,0,0,13500,15,Shen,0,0,2,2449,3508,2449,34144,0,3,0,0,0,1,0,False,False,False,False,False,False,0,9720,9600,0,UTILITY,0,1,0,0,2,BOTTOM,0,0,1,989,21470,5671,11131,0,0,0,0,0,0,1,0,0,"{'statPerks': {'defense': 5001, 'flex': 5002, 'offense': 5008}, 'styles': [{'description': 'primaryStyle', 'selections': [{'perk': 8439, 'var1': 1059, 'var2': 1531, 'var3': 0}, {'perk': 8401, 'var1': 466, 'var2': 0, 'var3': 0}, {'perk': 8429, 'var1': 66, 'var2': 15, 'var3': 11}, {'perk': 8451, 'var1': 238, 'var2': 0, 'var3': 0}], 'style': 8400}, {'description': 'subStyle', 'selections': [{'perk': 8304, 'var1': 10, 'var2': 3, 'var3': 0}, {'perk': 8345, 'var1': 3, 'var2': 0, 'var3': 0}], 'style': 8300}]}",17486,3807,10233,0,0,0,SUPPORT,0,519,PapaCaesars,False,UTILITY,33,2182,0,48457,9640,1141,23803,0,4841,0,51,212,53,1,0,9500,162,2438,0,2,2,0,0,58,0,5,24,True
64,0,0,0,0,0,0,0,1,Shen,0,0,2,0,0,0,28,0,0,0,0,0,0,0,False,False,False,False,True,False,0,523,500,0,UTILITY,0,0,0,0,0,NONE,0,0,0,0,0,0,0,0,0,0,0,0,0,0,0,0,"{'statPerks': {'defense': 5001, 'flex': 5002, 'offense': 5008}, 'styles': [{'description': 'primaryStyle', 'selections': [{'perk': 8439, 'var1': 0, 'var2': 0, 'var3': 0}, {'perk': 8401, 'var1': 0, 'var2': 0, 'var3': 0}, {'perk': 8429, 'var1': 0, 'var2': 0, 'var3': 0}, {'perk': 8451, 'var1': 0, 'var2': 0, 'var3': 0}], 'style': 8400}, {'description': 'subStyle', 'selections': [{'perk': 8304, 'var1': 0, 'var2': 0, 'var3': 0}, {'perk': 8345, 'var1': 0, 'var2': 0, 'var3': 0}], 'style': 8300}]}",280,96,70,0,0,0,SUPPORT,0,519,PapaCaesars,True,UTILITY,0,119,0,280,96,0,70,0,0,0,0,0,0,0,0,0,0,0,0,0,0,0,0,1,0,0,1,False
65,0,0,5,0,0,0,9950,12,Swain,0,0,2,2157,2157,2157,8286,0,5,0,0,0,1,1,False,False,False,False,False,True,0,7730,6350,0,UTILITY,0,0,0,0,2,BOTTOM,0,0,1,486,30825,10091,10578,0,0,0,0,0,0,0,0,0,"{'statPerks': {'defense': 5001, 'flex': 5008, 'offense': 5008}, 'styles': [{'description': 'primaryStyle', 'selections': [{'perk': 8112, 'var1': 796, 'var2': 0, 'var3': 0}, {'perk': 8126, 'var1': 512, 'var2': 0, 'var3': 0}, {'perk': 8138, 'var1': 14, 'var2': 0, 'var3': 0}, {'perk': 8106, 'var1': 5, 'var2': 0, 'var3': 0}], 'style': 8100}, {'description': 'subStyle', 'selections': [{'perk': 8226, 'var1': 250, 'var2': 120, 'var3': 0}, {'perk': 8236, 'var1': 24, 'var2': 0, 'var3': 0}], 'style': 8200}]}",6788,1589,7392,0,0,0,SUPPORT,0,519,PapaCaesars,False,UTILITY,24,1518,0,43164,13100,0,18917,0,3920,0,44,132,94,1,0,5550,1418,945,2,2,3,0,0,30,0,2,15,False
66,0,0,5,0,0,0,13219,15,Karma,0,0,2,1137,1137,1137,13052,0,3,0,0,0,8,1,False,False,False,False,False,False,0,9133,9000,0,UTILITY,0,0,1,1,3,BOTTOM,0,2,1,826,52229,10312,11873,0,0,0,1,0,0,0,0,0,"{'statPerks': {'defense': 5001, 'flex': 5008, 'offense': 5008}, 'styles': [{'description': 'primaryStyle', 'selections': [{'perk': 8229, 'var1': 1330, 'var2': 0, 'var3': 0}, {'perk': 8226, 'var1': 250, 'var2': 78, 'var3': 0}, {'perk': 8210, 'var1': 9, 'var2': 0, 'var3': 0}, {'perk': 8236, 'var1': 48, 'var2': 0, 'var3': 0}], 'style': 8200}, {'description': 'subStyle', 'selections': [{'perk': 8304, 'var1': 11, 'var2': 1, 'var3': 5}, {'perk': 8410, 'var1': 69, 'var2': 0, 'var3': 0}], 'style': 8300}]}",9210,1512,6823,0,0,0,SUPPORT,0,519,PapaCaesars,False,UTILITY,38,1913,0,65375,12019,1590,19286,0,4752,0,71,303,57,1,0,3936,194,590,1,1,9,0,0,40,0,1,18,False
67,0,0,22,0,0,0,19415,18,Senna,0,0,2,8467,13450,8467,15197,0,10,0,1,0,1,0,False,False,False,False,False,False,0,16504,13300,0,UTILITY,0,2,0,3,10,BOTTOM,694,3,2,413,0,0,11905,0,0,0,0,0,0,0,0,0,"{'statPerks': {'defense': 5002, 'flex': 5008, 'offense': 5005}, 'styles': [{'description': 'primaryStyle', 'selections': [{'perk': 8021, 'var1': 2915, 'var2': 2727, 'var3': 0}, {'perk': 8009, 'var1': 4367, 'var2': 0, 'var3': 0}, {'perk': 9104, 'var1': 18, 'var2': 10, 'var3': 0}, {'perk': 8017, 'var1': 1401, 'var2': 0, 'var3': 0}], 'style': 8000}, {'description': 'subStyle', 'selections': [{'perk': 8473, 'var1': 1335, 'var2': 0, 'var3': 0}, {'perk': 8453, 'var1': 1411, 'var2': 469, 'var3': 0}], 'style': 8400}]}",96076,27247,20540,0,0,0,SUPPORT,0,519,PapaCaesars,False,UTILITY,40,2471,0,100632,28615,2077,33901,0,12663,2759,59,252,392,4,0,4556,1367,1455,1,6,4,0,0,69,0,14,21,True
68,0,0,8,0,0,0,10118,13,Lux,0,0,2,2568,3531,2568,18371,0,10,0,0,0,1,0,False,False,False,False,False,False,0,9905,9550,0,UTILITY,0,0,1,2,5,BOTTOM,0,2,1,318,54785,17520,2578,0,0,0,1,0,0,0,0,0,"{'statPerks': {'defense': 5001, 'flex': 5008, 'offense': 5008}, 'styles': [{'description': 'primaryStyle', 'selections': [{'perk': 8229, 'var1': 1323, 'var2': 0, 'var3': 0}, {'perk': 8226, 'var1': 250, 'var2': 655, 'var3': 0}, {'perk': 8210, 'var1': 10, 'var2': 0, 'var3': 0}, {'perk': 8236, 'var1': 48, 'var2': 0, 'var3': 0}], 'style': 8200}, {'description': 'subStyle', 'selections': [{'perk': 8126, 'var1': 1019, 'var2': 0, 'var3': 0}, {'perk': 8106, 'var1': 4, 'var2': 0, 'var3': 0}], 'style': 8100}]}",8606,1080,18594,0,0,0,SUPPORT,0,519,PapaCaesars,False,UTILITY,42,1896,0,68714,20578,2601,21621,0,1245,0,56,164,233,1,0,5322,1977,447,1,4,10,0,0,39,0,5,14,False
69,0,0,12,0,0,0,15927,16,Nami,0,0,2,1345,4105,1345,12213,0,10,0,1,0,1,0,False,False,False,False,False,False,0,11136,9900,0,UTILITY,0,0,0,1,4,BOTTOM,0,2,2,776,27771,10018,19957,0,0,0,0,0,0,0,0,0,"{'statPerks': {'defense': 5001, 'flex': 5008, 'offense': 5008}, 'styles': [{'description': 'primaryStyle', 'selections': [{'perk': 8214, 'var1': 834, 'var2': 1197, 'var3': 0}, {'perk': 8226, 'var1': 250, 'var2': 274, 'var3': 0}, {'perk': 8210, 'var1': 10, 'var2': 0, 'var3': 0}, {'perk': 8236, 'var1': 80, 'var2': 0, 'var3': 0}], 'style': 8200}, {'description': 'subStyle', 'selections': [{'perk': 8345, 'var1': 3, 'var2': 0, 'var3': 0}, {'perk': 8304, 'var1': 11, 'var2': 1, 'var3': 5}], 'style': 8300}]}",7425,985,11462,0,0,0,SUPPORT,0,518,PapaCaesars,False,UTILITY,30,2562,0,38302,11087,1590,32870,0,12234,7668,40,178,354,5,0,3104,84,1450,0,2,7,0,0,59,0,4,28,True
70,0,0,9,0,0,2,11096,13,MissFortune,0,0,1,7393,10974,7393,4225,0,3,0,1,0,1,0,False,False,False,False,False,True,0,11045,10100,0,BOTTOM,0,0,0,1,4,BOTTOM,610,2,2,344,3559,1376,4701,0,0,0,0,0,0,0,0,0,"{'statPerks': {'defense': 5001, 'flex': 5008, 'offense': 5008}, 'styles': [{'description': 'primaryStyle', 'selections': [{'perk': 8128, 'var1': 1080, 'var2': 17, 'var3': 0}, {'perk': 8139, 'var1': 592, 'var2': 0, 'var3': 0}, {'perk': 8138, 'var1': 18, 'var2': 0, 'var3': 0}, {'perk': 8105, 'var1': 13, 'var2': 5, 'var3': 0}], 'style': 8100}, {'description': 'subStyle', 'selections': [{'perk': 9104, 'var1': 18, 'var2': 0, 'var3': 0}, {'perk': 9111, 'var1': 672, 'var2': 260, 'var3': 0}], 'style': 8000}]}",91720,11195,5995,0,0,0,CARRY,0,518,PapaCaesars,False,BOTTOM,8,1526,0,96605,12719,0,11903,0,3233,0,158,130,50,1,0,1324,146,1206,3,3,3,0,0,16,0,3,9,True
71,0,0,17,0,0,2,19830,18,Pyke,0,0,3,4191,7229,4191,25086,0,8,0,1,0,1,2,False,False,False,False,False,False,1,16284,13700,0,UTILITY,0,0,0,2,7,BOTTOM,0,4,2,1441,281,137,14238,0,0,0,0,0,0,0,0,0,"{'statPerks': {'defense': 5001, 'flex': 5008, 'offense': 5008}, 'styles': [{'description': 'primaryStyle', 'selections': [{'perk': 8112, 'var1': 1096, 'var2': 0, 'var3': 0}, {'perk': 8143, 'var1': 920, 'var2': 0, 'var3': 0}, {'perk': 8138, 'var1': 18, 'var2': 0, 'var3': 0}, {'perk': 8106, 'var1': 5, 'var2': 0, 'var3': 0}], 'style': 8100}, {'description': 'subStyle', 'selections': [{'perk': 9111, 'var1': 1594, 'var2': 480, 'var3': 0}, {'perk': 8014, 'var1': 308, 'var2': 0, 'var3': 0}], 'style': 8000}]}",81738,18858,18276,0,0,0,SUPPORT,0,518,PapaCaesars,False,UTILITY,25,2627,0,91671,23000,0,34937,0,8809,0,73,113,366,1,0,9651,4004,2422,2,3,4,0,0,94,0,11,36,True
72,0,0,11,0,0,0,9140,12,Karma,0,0,2,2701,4454,2701,4762,0,3,0,0,0,1,0,False,False,True,False,False,True,0,7743,7600,0,UTILITY,0,0,2,0,0,BOTTOM,0,0,0,861,22669,7625,5846,0,0,0,0,0,0,0,1,0,"{'statPerks': {'defense': 5001, 'flex': 5008, 'offense': 5008}, 'styles': [{'description': 'primaryStyle', 'selections': [{'perk': 8229, 'var1': 939, 'var2': 0, 'var3': 0}, {'perk': 8226, 'var1': 250, 'var2': 36, 'var3': 0}, {'perk': 8210, 'var1': 2, 'var2': 0, 'var3': 0}, {'perk': 8236, 'var1': 24, 'var2': 0, 'var3': 0}], 'style': 8200}, {'description': 'subStyle', 'selections': [{'perk': 8313, 'var1': 3, 'var2': 0, 'var3': 0}, {'perk': 8347, 'var1': 0, 'var2': 0, 'var3': 0}], 'style': 8300}]}",6945,653,4723,0,0,0,SUPPORT,0,518,PapaCaesars,False,UTILITY,16,1688,0,34095,9064,1180,10908,0,608,0,28,116,95,1,0,4480,786,338,0,1,7,0,0,39,0,3,16,False
73,0,1,18,0,0,1,12963,14,Rakan,0,0,4,1948,3210,1948,27319,0,5,2,0,0,4,2,False,False,True,False,False,False,0,9777,8050,0,UTILITY,0,1,0,0,2,BOTTOM,0,0,1,837,11272,7250,11016,0,0,0,0,1,0,0,0,0,"{'statPerks': {'defense': 5001, 'flex': 5008, 'offense': 5008}, 'styles': [{'description': 'primaryStyle', 'selections': [{'perk': 8229, 'var1': 1172, 'var2': 0, 'var3': 0}, {'perk': 8226, 'var1': 250, 'var2': 305, 'var3': 0}, {'perk': 8210, 'var1': 16, 'var2': 0, 'var3': 0}, {'perk': 8236, 'var1': 48, 'var2': 0, 'var3': 0}], 'style': 8200}, {'description': 'subStyle', 'selections': [{'perk': 8126, 'var1': 507, 'var2': 0, 'var3': 0}, {'perk': 8106, 'var1': 5, 'var2': 0, 'var3': 0}], 'style': 8100}]}",7344,1385,10033,0,0,0,SUPPORT,0,518,PapaCaesars,False,UTILITY,27,2105,0,24475,9361,2567,22126,0,5319,2349,32,88,174,5,0,5858,725,1076,0,4,2,0,0,55,2,6,24,True
